INSERT INTO User
VALUES ("sportslover", "Paul", "Walker", "sha512$8ec61415f1eb4afba45fa95e164a73e5$a8156f5e122a936e55512ccad145e72581c20853d8ceee8fc4ab535bead173dfb6625dd1d0eaccc9ace73008c135ef5eecb0b452470d007fde088602659ad9a2", "sportslover@hotmail.com");
INSERT INTO User
VALUES ("traveler", "Rebecca", "Travolta", "sha512$1c662feb81e84cd78cf8d6a96e912ebb$eed150f49e6669c4aee79b0f1ed238ec557e8a6dc1af8c8b4dd393a1a6f0926b97bb537fc7a7af95db36982eaa90a313d4968cdc03112321e9dbb3c4aba65337", "rebt@explorer.org");
INSERT INTO User
VALUES ("spacejunkie", "Bob", "Spacey", "sha512$523bbfca143d4676b5ecfc8ee42aca6d$fae41640d635cb42c3631e5a66a997e6f6ebfd25f6bb3f9777107d848c24bd2db9767242e803a881dbc5af73ddbf7ee80d1d855db2568061bfb2ca21fcf2dd5f", "bspace@spacejunkies.net");
INSERT INTO Album (title, created, lastupdated, username, access)
VALUES ("I love sports", "2016-01-01", "2016-01-01", "sportslover", "public");
INSERT INTO Album (title, created, lastupdated, username, access)
VALUES ("I love football", "2016-01-01", "2016-01-01", "sportslover", "private");
INSERT INTO Album (title, created, lastupdated, username, access)
VALUES ("Around The World", "2016-01-01", "2016-01-01", "traveler", "public");
INSERT INTO Album (title, created, lastupdated, username, access)
VALUES ("Cool Space Shots", "2016-01-01", "2016-01-01", "spacejunkie", "private");
INSERT INTO Photo
VALUES ("5c00dd3598ce621105cb7062a59e7931", "jpg", "2016-01-01");
INSERT INTO Contain
VALUES (1, "5c00dd3598ce621105cb7062a59e7931", "", 0);
INSERT INTO Photo
VALUES ("933b775e7ea1d6575271103b00e7e965", "jpg", "2016-01-01");
INSERT INTO Contain
VALUES (1, "933b775e7ea1d6575271103b00e7e965", "", 1);
INSERT INTO Photo
VALUES ("63b1f8027b1cdc739ac89b2dd62cb108", "jpg", "2016-01-01");
INSERT INTO Contain
VALUES (1, "63b1f8027b1cdc739ac89b2dd62cb108", "", 2);
INSERT INTO Photo
VALUES ("568ab398af3555d9c991c62b0e4d024c", "jpg", "2016-01-01");
INSERT INTO Contain
VALUES (1, "568ab398af3555d9c991c62b0e4d024c", "", 3);
INSERT INTO Photo
VALUES ("7e2b0af1e51044fef44b3b42a172dd74", "jpg", "2016-01-01");
INSERT INTO Contain
VALUES (1, "7e2b0af1e51044fef44b3b42a172dd74", "", 4);
INSERT INTO Photo
VALUES ("799a4643395fae5e6a30e851fac2f7e1", "jpg", "2016-01-01");
INSERT INTO Contain
VALUES (1, "799a4643395fae5e6a30e851fac2f7e1", "", 5);
INSERT INTO Photo
VALUES ("28ca8a277b5701b8c9accb4f0898499f", "jpg", "2016-01-01");
INSERT INTO Contain
VALUES (1, "28ca8a277b5701b8c9accb4f0898499f", "", 6);
INSERT INTO Photo
VALUES ("24d3407f5b1f2d9abf201e8081b69d39", "jpg", "2016-01-01");
INSERT INTO Contain
VALUES (1, "24d3407f5b1f2d9abf201e8081b69d39", "", 7);
INSERT INTO Photo
VALUES ("994f2b70997e8c8fd0b00823168ca158", "jpg", "2016-01-01");
INSERT INTO Contain
VALUES (2, "994f2b70997e8c8fd0b00823168ca158", "", 0);
INSERT INTO Photo
VALUES ("d24d5119e58c787d4c11f567a5af7bf3", "jpg", "2016-01-01");
INSERT INTO Contain
VALUES (2, "d24d5119e58c787d4c11f567a5af7bf3", "", 1);
INSERT INTO Photo
VALUES ("945af3e50741fdfc5f98b57bbaca9ace", "jpg", "2016-01-01");
INSERT INTO Contain
VALUES (2, "945af3e50741fdfc5f98b57bbaca9ace", "", 2);
INSERT INTO Photo
VALUES ("43da649e003004e953e6362b37285e4b", "jpg", "2016-01-01");
INSERT INTO Contain
VALUES (2, "43da649e003004e953e6362b37285e4b", "", 3);
INSERT INTO Photo
VALUES ("82ac5648e814fa9bd06da92415e642f4", "jpg", "2016-01-01");
INSERT INTO Contain
VALUES (2, "82ac5648e814fa9bd06da92415e642f4", "", 4);
INSERT INTO Photo
VALUES ("827321b0b76579b5154839cb88b47e1f", "jpg", "2016-01-01");
INSERT INTO Contain
VALUES (2, "827321b0b76579b5154839cb88b47e1f", "", 5);
INSERT INTO Photo
VALUES ("b323a38f53c9b56d3f81f32e9e9cd051", "jpg", "2016-01-01");
INSERT INTO Contain
VALUES (2, "b323a38f53c9b56d3f81f32e9e9cd051", "", 6);
INSERT INTO Photo
VALUES ("55ed4feacfdb753fff02d8fcba991f69", "jpg", "2016-01-01");
INSERT INTO Contain
VALUES (2, "55ed4feacfdb753fff02d8fcba991f69", "", 7);
INSERT INTO Photo
VALUES ("108ac7fc6464fb2f3d82fd5af770a00e", "jpg", "2016-01-01");
INSERT INTO Contain
VALUES (2, "108ac7fc6464fb2f3d82fd5af770a00e", "", 8);
INSERT INTO Photo
VALUES ("88b0b50b04907b1230a61de2bb8e1e1c", "jpg", "2016-01-01");
INSERT INTO Contain
VALUES (2, "88b0b50b04907b1230a61de2bb8e1e1c", "", 9);
INSERT INTO Photo
VALUES ("427ef65f85fa579f8a9a3b55e1ac934c", "jpg", "2016-01-01");
INSERT INTO Contain
VALUES (2, "427ef65f85fa579f8a9a3b55e1ac934c", "", 10);
INSERT INTO Photo
VALUES ("c2ca4f05feef69b6a097a8079690b265", "jpg", "2016-01-01");
INSERT INTO Contain
VALUES (2, "c2ca4f05feef69b6a097a8079690b265", "", 11);
INSERT INTO Photo
VALUES ("cca3080a3579788e5a3cef9b8923f860", "jpg", "2016-01-01");
INSERT INTO Contain
VALUES (2, "cca3080a3579788e5a3cef9b8923f860", "", 12);
INSERT INTO Photo
VALUES ("f3fe8509504d0b2f1afa78ad083252e0", "jpg", "2016-01-01");
INSERT INTO Contain
VALUES (3, "f3fe8509504d0b2f1afa78ad083252e0", "", 0);
INSERT INTO Photo
VALUES ("a58860fdb83505e8bbc13ed28d3915c8", "jpg", "2016-01-01");
INSERT INTO Contain
VALUES (3, "a58860fdb83505e8bbc13ed28d3915c8", "", 1);
INSERT INTO Photo
VALUES ("f72edbe6965811d7b0f4e5c74d5b1a99", "jpg", "2016-01-01");
INSERT INTO Contain
VALUES (3, "f72edbe6965811d7b0f4e5c74d5b1a99", "", 2);
INSERT INTO Photo
VALUES ("cb77c8f4e52a364c6bed659ccac94d62", "jpg", "2016-01-01");
INSERT INTO Contain
VALUES (3, "cb77c8f4e52a364c6bed659ccac94d62", "", 3);
INSERT INTO Photo
VALUES ("80fcff372951aae139516d47ad186d5b", "jpg", "2016-01-01");
INSERT INTO Contain
VALUES (3, "80fcff372951aae139516d47ad186d5b", "", 4);
INSERT INTO Photo
VALUES ("25f1629923e7f6c2de9f9166fedfd28d", "jpg", "2016-01-01");
INSERT INTO Contain
VALUES (3, "25f1629923e7f6c2de9f9166fedfd28d", "", 5);
INSERT INTO Photo
VALUES ("ce6d329a24168959601916f0086e9304", "jpg", "2016-01-01");
INSERT INTO Contain
VALUES (3, "ce6d329a24168959601916f0086e9304", "", 6);
INSERT INTO Photo
VALUES ("fc20edf2c9bfdc2b1fa7f744dca339f9", "jpg", "2016-01-01");
INSERT INTO Contain
VALUES (3, "fc20edf2c9bfdc2b1fa7f744dca339f9", "", 7);
INSERT INTO Photo
VALUES ("c6c98832cf31a6fae92716f0c2d11fee", "jpg", "2016-01-01");
INSERT INTO Contain
VALUES (3, "c6c98832cf31a6fae92716f0c2d11fee", "", 8);
INSERT INTO Photo
VALUES ("ab656b6131ced718ce2c10f2d98773ed", "jpg", "2016-01-01");
INSERT INTO Contain
VALUES (3, "ab656b6131ced718ce2c10f2d98773ed", "", 9);
INSERT INTO Photo
VALUES ("b1ea7faf1162453ad3b34f572cfd3b21", "jpg", "2016-01-01");
INSERT INTO Contain
VALUES (3, "b1ea7faf1162453ad3b34f572cfd3b21", "", 10);
INSERT INTO Photo
VALUES ("fb48449f2e4549e5df35384195513b46", "jpg", "2016-01-01");
INSERT INTO Contain
VALUES (3, "fb48449f2e4549e5df35384195513b46", "", 11);
INSERT INTO Photo
VALUES ("b500d1d01fd43b81108eed13894a64be", "jpg", "2016-01-01");
INSERT INTO Contain
VALUES (3, "b500d1d01fd43b81108eed13894a64be", "", 12);
INSERT INTO Photo
VALUES ("69a90a2ed6500912309ef3e6b6ac4c89", "jpg", "2016-01-01");
INSERT INTO Contain
VALUES (4, "69a90a2ed6500912309ef3e6b6ac4c89", "", 0);
INSERT INTO Photo
VALUES ("f92dac09b81721e35eecc8e85c9eb6ed", "jpg", "2016-01-01");
INSERT INTO Contain
VALUES (4, "f92dac09b81721e35eecc8e85c9eb6ed", "", 1);
INSERT INTO Photo
VALUES ("263786bf7976620ca7c66cf7b0a3831f", "jpg", "2016-01-01");
INSERT INTO Contain
VALUES (4, "263786bf7976620ca7c66cf7b0a3831f", "", 2);
INSERT INTO Photo
VALUES ("2517a45eecaef8d8d33e89a6601238a1", "jpg", "2016-01-01");
INSERT INTO Contain
VALUES (4, "2517a45eecaef8d8d33e89a6601238a1", "", 3);
INSERT INTO Photo
VALUES ("de1a91fb12550877421c4e21a19b8629", "jpg", "2016-01-01");
INSERT INTO Contain
VALUES (4, "de1a91fb12550877421c4e21a19b8629", "", 4);
INSERT INTO Photo
VALUES ("51d26a844f4ca082c693d875f383a1fc", "jpg", "2016-01-01");
INSERT INTO Contain
VALUES (4, "51d26a844f4ca082c693d875f383a1fc", "", 5);
INSERT INTO Photo
VALUES ("a4632cbd9a9d7c742c2742bcbd88c9c6", "jpg", "2016-01-01");
INSERT INTO Contain
VALUES (4, "a4632cbd9a9d7c742c2742bcbd88c9c6", "", 6);
INSERT INTO Photo
VALUES ("a6804143bb0d22bdfc4e4d99a4de7720", "jpg", "2016-01-01");
INSERT INTO Contain
VALUES (4, "a6804143bb0d22bdfc4e4d99a4de7720", "", 7);
INSERT INTO Photo
VALUES ("0c00f7cc01422b66799c7c5f45105484", "jpg", "2016-01-01");
INSERT INTO Contain
VALUES (4, "0c00f7cc01422b66799c7c5f45105484", "", 8);
INSERT INTO Photo
VALUES ("7ddcf7bf433a481c8bddce70165d3694", "jpg", "2016-01-01");
INSERT INTO Contain
VALUES (4, "7ddcf7bf433a481c8bddce70165d3694", "", 9);
INSERT INTO Photo
VALUES ("5548fddabfb5acfba44d0ae755404b52", "jpg", "2016-01-01");
INSERT INTO Contain
VALUES (4, "5548fddabfb5acfba44d0ae755404b52", "", 10);
INSERT INTO Photo
VALUES ("2b36c5fe6f454c13d3dcfa021387aea9", "jpg", "2016-01-01");
INSERT INTO Contain
VALUES (4, "2b36c5fe6f454c13d3dcfa021387aea9", "", 11);
INSERT INTO Photo
VALUES ("f37ec7f2ca945371f833a733cba32027", "jpg", "2016-01-01");
INSERT INTO Contain
VALUES (4, "f37ec7f2ca945371f833a733cba32027", "", 12);
